city,region_id,area_acres
Goleta,1,5075.981606540898
Guadalupe,2,851.2876726766672
Lompoc,3,7463.782502162683
Santa Maria,4,15015.956497200674
Solvang,5,1563.4854779771908
Buellton,6,1025.8392808300557
Carpinteria,7,1640.9665458775146
Santa Barbara,8,12497.422010048182
Outside Cities,9,1588351.39490563
